{
    "loss": 0.2618721127510071,
    "accuracy": 0.9376344084739685
}