{
    "loss": 0.013222616165876389,
    "accuracy": 0.9978494644165039
}